id,temperature,humidity,sound_volume,inspection_due
1,62.58,74,73,0
2,16.55,58,62,0
3,19.97,55,80,0
4,75.16,50,35,0
5,27.74,15,51,0
6,10.92,58,39,0
7,75.53,10,32,0
8,29.53,34,50,0
9,99.7,35,60,0
10,41.73,81,60,0
11,5.0,76,102,0
12,8.57,28,47,0
13,65.16,56,44,0
14,48.64,62,114,1
15,96.61,66,77,0
16,96.21,21,54,0
17,23.36,98,119,0
18,48.41,67,109,1
19,23.41,24,88,0
20,37.81,6,73,0
21,14.98,7,73,0
22,99.77,9,117,0
23,14.45,71,94,0
24,47.27,92,29,0
25,52.48,78,32,0
26,48.82,49,102,0
27,26.26,75,96,0
28,93.89,92,29,0
29,74.94,16,97,0
30,56.21,89,21,0
31,5.2,55,43,0
32,97.07,14,95,0
33,93.27,29,37,0
34,50.37,44,21,0
35,81.66,44,35,0
36,89.47,48,58,0
37,5.5,47,95,0
38,55.85,95,84,1
39,57.01,24,48,0
40,43.77,100,52,0
41,29.03,50,56,0
42,25.38,27,105,0
43,33.31,2,76,0
44,84.32,7,53,0
45,56.06,34,81,0
46,36.84,59,54,0
47,54.49,86,117,1
48,69.21,17,92,0
49,56.42,71,33,0
50,57.62,37,45,0
51,32.32,98,109,1
52,0.21,84,115,0
53,63.66,62,58,0
54,34.54,99,20,0
55,49.59,92,97,1
56,14.8,99,56,0
57,87.28,68,22,0
58,42.35,58,100,1
59,62.26,72,114,1
60,99.88,100,112,1
61,74.47,56,58,0
62,36.17,44,112,0
63,65.73,81,84,1
64,76.46,91,100,1
65,64.58,37,54,0
66,9.94,72,108,0
67,87.64,83,49,0
68,44.56,2,43,0
69,13.94,43,111,0
70,84.03,78,95,1
71,1.21,29,59,0
72,62.37,35,59,0
73,20.51,55,32,0
74,75.84,2,66,0
75,93.63,57,62,0
76,14.48,55,23,0
77,99.67,15,74,0
78,60.99,44,91,0
79,46.4,44,28,0
80,58.72,51,117,1
81,65.89,44,86,0
82,62.49,83,20,0
83,43.25,73,39,0
84,11.58,53,50,0
85,15.1,35,68,0
86,3.51,22,64,0
87,37.0,15,23,0
88,35.25,31,115,0
89,4.33,46,42,0
90,3.37,24,92,0
91,63.53,6,72,0
92,75.63,69,87,1
93,21.25,66,100,0
94,22.73,77,39,0
95,47.73,63,89,1
96,20.82,99,31,0
97,22.63,42,101,0
98,35.54,86,77,0
99,8.43,44,104,0
100,2.31,34,80,0
101,99.63,33,45,0
102,74.23,91,48,0
103,63.43,44,28,0
104,27.06,11,112,0
105,69.99,14,84,0
106,31.07,48,24,0
107,23.82,17,28,0
108,87.63,31,120,0
109,9.33,59,26,0
110,23.67,97,30,0
111,69.11,9,120,0
112,9.86,82,90,0
113,14.44,29,39,0
114,47.79,31,43,0
115,76.96,90,92,1
116,82.66,83,93,1
117,5.02,57,66,0
118,55.14,37,84,0
119,93.62,84,99,1
120,79.41,88,24,0
121,35.02,9,20,0
122,26.2,92,64,0
123,41.41,65,52,0
124,72.92,94,87,1
125,68.8,16,75,0
126,99.05,26,62,0
127,0.26,3,60,0
128,77.09,48,98,0
129,27.9,52,77,0
130,11.55,2,42,0
131,96.2,85,60,0
132,69.03,22,98,0
133,69.85,5,94,0
134,91.18,29,41,0
135,63.74,20,66,0
136,85.35,78,97,1
137,42.59,94,80,0
138,10.16,29,115,0
139,22.14,14,113,0
140,34.36,91,40,0
141,28.86,50,66,0
142,14.78,22,64,0
143,73.55,23,49,0
144,94.51,9,77,0
145,34.59,68,43,0
146,31.42,88,115,1
147,72.86,36,55,0
148,45.69,25,50,0
149,15.93,79,95,0
150,21.65,46,109,0
151,43.44,82,33,0
152,41.36,84,54,0
153,70.72,84,114,1
154,86.37,44,47,0
155,30.78,74,82,1
156,18.22,33,54,0
157,81.48,98,98,1
158,8.9,56,61,0
159,78.01,32,51,0
160,41.58,100,38,0
161,22.03,70,78,0
162,72.07,2,62,0
163,8.55,9,26,0
164,6.01,92,78,0
165,22.79,41,54,0
166,90.55,75,34,0
167,41.82,91,86,1
168,31.33,96,54,0
169,0.7,69,83,0
170,98.51,27,47,0
171,54.91,97,27,0
172,74.85,91,67,0
173,74.09,93,60,0
174,13.93,1,86,0
175,54.92,95,44,0
176,27.63,34,110,0
177,51.75,58,69,0
178,8.67,3,25,0
179,62.8,56,118,1
180,86.44,63,29,0
181,43.17,77,117,1
182,11.86,17,50,0
183,82.29,36,118,0
184,33.65,24,43,0
185,73.46,50,65,0
186,17.19,14,34,0
187,16.98,9,20,0
188,40.46,66,45,0
189,64.76,55,85,1
190,11.53,11,51,0
191,14.25,85,28,0
192,70.61,79,52,0
193,45.17,52,98,1
194,5.92,2,54,0
195,89.55,48,26,0
196,81.14,8,26,0
197,16.65,11,72,0
198,12.54,95,57,0
199,57.25,90,105,1
200,37.47,28,49,0
201,47.32,96,56,0
202,40.04,99,78,0
203,83.18,89,50,0
204,18.61,92,89,0
205,54.2,3,41,0
206,99.4,51,43,0
207,58.7,17,87,0
208,32.1,90,89,1
209,19.12,28,85,0
210,15.32,96,55,0
211,6.38,11,41,0
212,80.03,63,64,0
213,12.0,94,76,0
214,79.84,88,20,0
215,51.71,96,42,0
216,77.96,18,90,0
217,18.32,66,73,0
218,87.33,38,51,0
219,36.17,6,71,0
220,67.38,27,30,0
221,71.85,65,67,0
222,98.8,95,73,0
223,76.73,28,86,0
224,3.31,31,68,0
225,42.44,6,92,0
226,54.79,86,74,0
227,94.65,61,91,1
228,7.8,89,50,0
229,94.85,93,110,1
230,25.21,49,44,0
231,24.58,52,92,0
232,44.81,4,46,0
233,87.72,85,85,1
234,99.47,26,114,0
235,46.54,90,68,0
236,67.06,43,35,0
237,24.64,25,27,0
238,46.07,64,102,1
239,92.83,90,76,0
240,84.79,26,22,0
241,54.83,99,61,0
242,44.22,72,95,1
243,32.14,47,100,0
244,53.86,23,119,0
245,34.13,81,67,0
246,94.29,34,64,0
247,56.24,86,100,1
248,26.08,75,60,0
249,24.14,84,29,0
250,50.93,2,47,0
251,33.38,70,77,0
252,86.94,47,61,0
253,55.15,96,94,1
254,32.6,40,119,0
255,36.07,34,48,0
256,23.02,63,97,0
257,41.32,40,23,0
258,78.04,27,63,0
259,38.92,59,103,1
260,98.83,93,69,0
261,20.61,89,97,0
262,7.21,41,51,0
263,24.03,65,90,0
264,56.14,91,100,1
265,33.39,4,68,0
266,99.15,28,100,0
267,72.05,43,84,0
268,39.8,27,102,0
269,34.87,23,29,0
270,51.33,77,24,0
271,54.68,38,23,0
272,92.55,15,94,0
273,86.0,62,27,0
274,31.91,1,117,0
275,18.16,94,113,0
276,54.17,8,119,0
277,68.33,32,93,0
278,1.73,48,57,0
279,75.93,8,74,0
280,84.62,47,44,0
281,89.7,49,115,0
282,22.64,77,106,0
283,67.82,45,45,0
284,15.94,45,65,0
285,65.44,46,28,0
286,66.2,87,35,0
287,31.63,10,114,0
288,39.48,36,84,0
289,72.46,62,118,1
290,22.78,83,94,0
291,87.85,7,107,0
292,84.61,47,33,0
293,85.91,72,85,1
294,63.13,69,114,1
295,55.94,59,27,0
296,11.44,82,96,0
297,25.49,28,24,0
298,2.8,97,53,0
299,78.99,28,47,0
300,32.64,71,56,0
301,26.93,59,21,0
302,13.49,1,95,0
303,76.21,88,64,0
304,63.98,69,113,1
305,14.41,9,112,0
306,63.85,97,87,1
307,5.46,44,101,0
308,8.33,88,120,0
309,22.9,4,54,0
310,33.21,21,82,0
311,30.74,20,63,0
312,99.09,15,23,0
313,55.44,90,75,0
314,45.87,66,94,1
315,25.18,52,54,0
316,89.83,80,83,1
317,44.55,36,44,0
318,12.53,54,36,0
319,85.69,8,49,0
320,63.34,27,100,0
321,44.22,60,115,1
322,69.88,98,104,1
323,22.41,16,108,0
324,6.69,85,112,0
325,51.6,4,45,0
326,90.15,6,118,0
327,72.25,82,49,0
328,69.44,7,32,0
329,69.41,37,80,0
330,49.74,22,99,0
331,90.76,58,75,0
332,50.99,95,49,0
333,37.21,58,32,0
334,99.29,67,31,0
335,8.62,7,25,0
336,64.41,52,70,0
337,54.21,10,68,0
338,53.32,65,26,0
339,69.53,86,107,1
340,73.94,34,84,0
341,49.97,29,64,0
342,53.82,55,77,0
343,84.47,86,119,1
344,44.86,6,84,0
345,81.97,80,100,1
346,50.07,24,59,0
347,71.3,84,113,1
348,0.05,58,48,0
349,93.24,13,35,0
350,64.53,85,88,1
351,25.65,84,79,0
352,81.09,61,64,0
353,97.99,35,53,0
354,3.78,54,54,0
355,60.55,61,67,0
356,45.11,83,37,0
357,85.77,35,75,0
358,59.45,14,67,0
359,32.08,72,40,0
360,42.77,33,47,0
361,63.56,78,40,0
362,35.4,71,63,0
363,2.34,24,28,0
364,13.81,34,54,0
365,73.01,39,101,0
366,29.26,14,31,0
367,31.98,60,58,0
368,6.38,35,120,0
369,95.15,51,91,1
370,16.41,44,29,0
371,2.59,6,78,0
372,56.91,38,111,0
373,11.99,44,57,0
374,35.06,44,46,0
375,64.51,2,81,0
376,72.56,22,97,0
377,35.03,67,108,1
378,83.4,67,112,1
379,78.14,66,52,0
380,97.97,13,99,0
381,98.84,51,53,0
382,51.58,100,117,1
383,80.4,34,72,0
384,37.5,35,51,0
385,17.88,74,76,0
386,81.85,53,63,0
387,17.83,97,101,0
388,5.5,62,33,0
389,83.84,24,69,0
390,87.91,85,24,0
391,80.74,81,29,0
392,67.29,23,82,0
393,91.17,69,61,0
394,25.68,4,70,0
395,87.27,100,85,1
396,34.64,48,22,0
397,53.96,55,85,1
398,27.22,11,36,0
399,77.86,28,94,0
400,97.26,21,110,0
401,43.28,85,43,0
402,55.54,90,120,1
403,92.47,79,110,1
404,24.82,24,50,0
405,6.84,31,37,0
406,45.93,84,40,0
407,11.21,61,71,0
408,24.18,44,114,0
409,72.4,30,83,0
410,38.97,75,32,0
411,10.42,34,37,0
412,95.81,16,60,0
413,3.18,68,42,0
414,56.18,36,99,0
415,0.09,60,112,0
416,69.32,30,98,0
417,56.45,64,66,0
418,66.11,40,62,0
419,0.84,53,115,0
420,75.36,31,63,0
421,51.66,35,87,0
422,21.79,46,45,0
423,90.52,21,79,0
424,96.04,55,99,1
425,98.38,49,23,0
426,35.17,52,97,1
427,55.11,20,29,0
428,86.59,79,104,1
429,76.81,60,55,0
430,79.62,38,86,0
431,93.39,7,28,0
432,93.95,12,82,0
433,1.39,41,37,0
434,75.73,47,24,0
435,69.69,83,60,0
436,28.86,19,75,0
437,63.49,47,74,0
438,91.11,16,67,0
439,12.28,98,25,0
440,30.61,71,21,0
441,23.26,95,40,0
442,1.31,37,52,0
443,22.41,1,53,0
444,36.59,40,75,0
445,15.28,68,43,0
446,76.78,91,85,1
447,91.35,51,69,0
448,49.84,52,27,0
449,74.04,29,61,0
450,70.68,1,112,0
451,30.01,86,89,1
452,0.54,95,68,0
453,6.32,100,114,0
454,95.73,45,102,0
455,70.63,66,93,1
456,71.97,19,64,0
457,64.26,1,84,0
458,33.37,98,50,0
459,44.0,18,30,0
460,1.82,54,61,0
461,66.97,11,75,0
462,66.17,62,33,0
463,67.37,87,49,0
464,79.49,78,107,1
465,65.07,49,54,0
466,54.47,70,81,1
467,43.12,12,89,0
468,87.41,86,85,1
469,90.24,91,69,0
470,47.1,49,95,0
471,11.93,37,119,0
472,50.12,39,101,0
473,30.01,95,82,1
474,95.72,23,115,0
475,81.75,88,93,1
476,45.24,72,84,1
477,58.2,38,63,0
478,91.24,4,82,0
479,29.29,60,107,0
480,70.19,98,108,1
481,15.75,98,81,0
482,94.22,34,67,0
483,36.6,37,114,0
484,33.01,30,80,0
485,26.01,56,26,0
486,52.78,51,60,0
487,54.65,28,85,0
488,21.32,35,100,0
489,38.89,64,65,0
490,14.28,22,25,0
491,19.31,3,57,0
492,79.9,62,84,1
493,14.36,61,91,0
494,22.13,41,54,0
495,56.1,90,31,0
496,96.71,10,48,0
497,97.73,61,39,0
498,52.71,18,48,0
499,3.92,85,87,0
500,59.9,26,90,0
501,55.98,66,63,0
502,55.98,18,96,0
503,5.35,56,74,0
504,19.92,34,88,0
505,33.15,16,27,0
506,1.6,9,35,0
507,36.79,41,99,0
508,31.67,48,42,0
509,22.67,34,41,0
510,52.61,90,119,1
511,9.05,42,56,0
512,73.86,51,101,1
513,26.35,43,112,0
514,13.02,67,106,0
515,9.14,78,27,0
516,53.19,5,54,0
517,56.21,94,63,0
518,64.17,41,100,0
519,50.58,45,94,0
520,30.27,23,102,0
521,3.27,85,111,0
522,19.76,3,51,0
523,23.95,50,26,0
524,95.23,20,84,0
525,35.18,53,45,0
526,96.12,79,83,1
527,90.88,60,57,0
528,82.67,78,32,0
529,51.48,59,62,0
530,61.33,38,51,0
531,92.04,14,84,0
532,69.87,28,29,0
533,31.59,99,112,1
534,12.53,94,34,0
535,78.06,93,112,1
536,42.39,58,74,0
537,52.89,67,119,1
538,70.91,56,83,1
539,93.02,1,92,0
540,37.44,72,44,0
541,5.07,58,78,0
542,46.14,94,116,1
543,71.64,38,21,0
544,46.48,22,66,0
545,11.66,28,90,0
546,23.29,55,50,0
547,90.7,14,92,0
548,61.49,15,120,0
549,86.82,52,107,1
550,96.61,12,87,0
551,2.67,83,112,0
552,18.96,85,82,0
553,19.6,62,96,0
554,78.87,37,61,0
555,38.37,71,115,1
556,86.02,18,57,0
557,33.42,95,114,1
558,38.96,80,80,0
559,10.51,55,90,0
560,2.08,11,42,0
561,85.5,16,64,0
562,32.12,45,53,0
563,14.6,88,101,0
564,38.64,89,81,1
565,59.33,61,117,1
566,32.21,61,34,0
567,46.78,2,95,0
568,49.83,35,84,0
569,84.45,46,21,0
570,40.73,4,99,0
571,83.33,100,97,1
572,98.96,95,79,0
573,58.72,16,27,0
574,79.19,27,109,0
575,38.58,62,82,1
576,87.34,42,37,0
577,66.32,56,59,0
578,87.55,30,54,0
579,17.41,87,29,0
580,91.05,36,104,0
581,63.09,87,108,1
582,80.35,78,63,0
583,26.78,93,71,0
584,2.83,61,35,0
585,7.56,15,84,0
586,58.56,79,58,0
587,55.19,35,89,0
588,82.81,85,81,1
589,35.86,65,41,0
590,79.4,51,25,0
591,71.31,66,60,0
592,25.0,59,99,0
593,56.0,66,56,0
594,77.38,100,82,1
595,99.88,20,89,0
596,18.97,34,23,0
597,29.29,30,36,0
598,50.04,15,66,0
599,92.02,53,40,0
600,25.75,1,69,0
601,44.22,7,120,0
602,13.32,43,44,0
603,58.11,34,77,0
604,27.12,78,57,0
605,18.04,12,27,0
606,32.44,98,57,0
607,39.71,91,59,0
608,20.41,11,20,0
609,74.13,41,52,0
610,7.99,86,48,0
611,12.19,13,94,0
612,49.97,75,40,0
613,56.5,88,52,0
614,59.54,67,93,1
615,13.46,91,107,0
616,45.44,53,32,0
617,30.76,54,104,1
618,20.16,10,43,0
619,80.32,81,35,0
620,82.43,43,72,0
621,16.47,42,74,0
622,32.21,72,95,1
623,54.72,56,37,0
624,27.17,6,53,0
625,10.86,73,84,0
626,29.73,38,37,0
627,71.97,95,90,1
628,80.95,20,107,0
629,11.05,73,87,0
630,61.21,8,48,0
631,49.97,12,56,0
632,86.62,7,29,0
633,2.08,35,76,0
634,39.84,6,113,0
635,58.83,59,22,0
636,83.37,84,48,0
637,69.97,87,40,0
638,65.05,16,115,0
639,52.33,83,100,1
640,29.26,69,97,0
641,12.37,17,21,0
642,21.93,82,46,0
643,58.93,54,120,1
644,68.83,72,96,1
645,13.94,100,95,0
646,68.54,79,102,1
647,73.68,77,68,0
648,86.0,72,46,0
649,19.8,55,22,0
650,84.84,39,65,0
651,67.07,87,34,0
652,96.98,36,50,0
653,82.13,57,30,0
654,66.49,95,78,0
655,83.83,70,91,1
656,35.84,75,45,0
657,40.47,12,108,0
658,92.0,26,107,0
659,0.03,81,101,0
660,66.99,97,107,1
661,17.61,98,81,0
662,10.62,94,110,0
663,76.37,57,35,0
664,18.59,9,100,0
665,41.35,19,88,0
666,75.62,80,58,0
667,66.93,63,51,0
668,98.47,20,95,0
669,80.01,33,35,0
670,77.21,38,64,0
671,66.93,98,97,1
672,10.46,85,59,0
673,27.17,75,62,0
674,18.05,22,40,0
675,40.14,12,88,0
676,13.83,71,32,0
677,15.32,58,54,0
678,90.19,45,115,0
679,90.27,13,119,0
680,69.26,49,104,0
681,22.42,7,34,0
682,0.82,27,43,0
683,66.41,97,71,0
684,1.95,10,31,0
685,75.75,71,59,0
686,97.76,74,114,1
687,81.26,85,65,0
688,31.32,69,96,1
689,75.41,82,73,0
690,82.94,86,118,1
691,53.63,14,69,0
692,37.88,20,62,0
693,66.57,42,114,0
694,74.98,38,22,0
695,7.42,63,45,0
696,50.93,90,35,0
697,77.94,6,36,0
698,12.83,84,32,0
699,65.26,69,56,0
700,18.87,72,70,0
701,70.27,76,33,0
702,71.16,80,112,1
703,66.74,34,74,0
704,57.93,67,100,1
705,10.18,51,58,0
706,55.37,72,115,1
707,96.74,19,119,0
708,74.65,34,118,0
709,3.51,22,71,0
710,33.39,98,81,1
711,75.83,22,37,0
712,58.35,54,43,0
713,20.39,94,117,0
714,15.12,59,88,0
715,76.47,84,84,1
716,5.93,97,114,0
717,22.95,94,57,0
718,8.96,58,45,0
719,72.68,20,85,0
720,89.43,64,107,1
721,32.83,40,55,0
722,72.13,89,44,0
723,84.78,57,113,1
724,73.19,66,111,1
725,12.57,15,78,0
726,13.55,30,108,0
727,85.32,29,66,0
728,47.76,85,108,1
729,95.68,42,47,0
730,41.22,11,39,0
731,46.93,64,33,0
732,56.92,86,70,0
733,45.41,65,100,1
734,1.4,39,76,0
735,75.52,96,51,0
736,25.86,64,80,0
737,33.41,74,86,1
738,87.41,32,70,0
739,86.97,74,54,0
740,53.8,90,111,1
741,82.98,79,109,1
742,50.3,8,27,0
743,85.81,19,39,0
744,69.24,45,108,0
745,38.49,33,120,0
746,29.51,24,59,0
747,89.96,56,37,0
748,39.58,66,80,0
749,53.63,2,31,0
750,99.2,62,40,0
751,10.01,48,27,0
752,12.31,83,113,0
753,91.96,98,63,0
754,43.44,72,65,0
755,53.29,90,51,0
756,18.58,62,100,0
757,22.45,56,75,0
758,53.89,91,45,0
759,33.04,27,78,0
760,44.37,55,27,0
761,68.77,37,30,0
762,89.25,77,94,1
763,80.34,17,59,0
764,92.53,53,58,0
765,18.91,11,73,0
766,31.8,97,79,0
767,33.02,16,105,0
768,22.9,29,46,0
769,38.74,77,120,1
770,61.25,89,21,0
771,58.24,35,72,0
772,88.21,44,63,0
773,84.8,88,69,0
774,69.51,94,80,0
775,45.06,11,70,0
776,63.98,25,21,0
777,49.78,66,44,0
778,97.78,72,99,1
779,98.79,40,22,0
780,54.65,26,102,0
781,22.5,46,116,0
782,52.51,17,56,0
783,13.65,5,68,0
784,3.78,53,119,0
785,21.9,80,23,0
786,39.99,50,73,0
787,41.47,100,120,1
788,78.33,61,56,0
789,39.1,95,104,1
790,49.75,2,50,0
791,75.96,58,72,0
792,79.36,44,104,0
793,7.44,48,104,0
794,14.35,1,96,0
795,32.68,34,105,0
796,2.46,21,117,0
797,74.59,69,50,0
798,93.2,73,26,0
799,11.54,3,52,0
800,71.64,96,44,0
801,19.96,11,41,0
802,88.9,42,106,0
803,9.31,23,78,0
804,61.71,75,57,0
805,9.6,32,103,0
806,53.08,17,95,0
807,1.9,51,57,0
808,75.13,98,71,0
809,53.83,72,63,0
810,14.92,6,50,0
811,35.91,35,32,0
812,78.96,6,79,0
813,55.56,94,101,1
814,73.58,26,92,0
815,81.57,43,20,0
816,31.55,96,54,0
817,77.8,100,58,0
818,0.5,72,75,0
819,77.22,37,99,0
820,52.65,36,89,0
821,0.33,93,114,0
822,96.42,13,29,0
823,73.29,77,95,1
824,50.0,64,38,0
825,69.47,11,119,0
826,37.13,65,118,1
827,93.26,23,115,0
828,72.55,27,105,0
829,70.13,36,108,0
830,88.83,7,46,0
831,20.58,35,94,0
832,86.01,25,117,0
833,91.15,19,61,0
834,96.07,41,63,0
835,5.08,59,71,0
836,62.01,23,113,0
837,96.68,11,80,0
838,97.92,71,77,0
839,19.05,47,52,0
840,42.0,99,29,0
841,12.99,52,85,0
842,61.65,99,103,1
843,16.48,14,103,0
844,52.43,67,78,0
845,98.87,41,99,0
846,8.57,35,104,0
847,94.8,27,81,0
848,12.46,6,57,0
849,72.65,17,49,0
850,18.22,71,97,0
851,59.45,57,35,0
852,22.61,23,49,0
853,2.02,58,106,0
854,17.84,55,69,0
855,2.92,57,40,0
856,4.94,90,117,0
857,96.25,65,21,0
858,42.28,22,113,0
859,83.11,25,93,0
860,71.9,37,75,0
861,65.6,54,43,0
862,13.18,36,28,0
863,93.98,22,94,0
864,65.76,91,51,0
865,76.16,69,115,1
866,80.15,24,88,0
867,5.6,12,80,0
868,71.31,93,41,0
869,55.75,62,112,1
870,89.34,50,114,0
871,87.75,83,50,0
872,94.59,51,48,0
873,48.47,6,58,0
874,9.79,97,69,0
875,58.77,83,28,0
876,27.0,83,31,0
877,9.15,20,113,0
878,55.84,3,69,0
879,54.67,64,110,1
880,79.96,36,110,0
881,46.13,68,110,1
882,44.1,83,32,0
883,51.94,89,59,0
884,1.18,36,116,0
885,56.73,10,108,0
886,17.39,64,46,0
887,28.0,9,59,0
888,7.29,60,98,0
889,98.57,45,69,0
890,3.39,79,39,0
891,38.29,70,99,1
892,69.12,23,52,0
893,95.42,23,35,0
894,32.34,31,42,0
895,20.86,50,51,0
896,34.78,8,58,0
897,63.16,16,100,0
898,76.89,68,30,0
899,35.52,9,35,0
900,65.87,24,109,0
901,86.1,38,87,0
902,86.86,48,95,0
903,21.8,55,92,0
904,69.18,90,29,0
905,34.09,27,118,0
906,29.8,8,27,0
907,31.32,43,56,0
908,97.32,59,67,0
909,24.82,63,101,0
910,61.17,31,26,0
911,73.31,92,100,1
912,3.78,1,94,0
913,74.73,73,99,1
914,24.71,32,94,0
915,69.9,65,88,1
916,55.64,4,39,0
917,71.14,22,55,0
918,86.82,100,26,0
919,82.39,98,38,0
920,13.02,93,106,0
921,25.27,2,103,0
922,16.96,26,88,0
923,39.19,2,84,0
924,74.11,19,102,0
925,49.22,99,69,0
926,70.15,33,69,0
927,65.13,1,72,0
928,32.53,42,35,0
929,8.13,70,49,0
930,40.93,30,22,0
931,76.44,17,120,0
932,6.71,40,83,0
933,29.88,86,99,0
934,27.02,30,100,0
935,28.9,8,50,0
936,39.45,7,113,0
937,48.01,12,56,0
938,8.26,44,32,0
939,49.88,69,49,0
940,37.23,29,115,0
941,66.86,51,42,0
942,40.7,11,31,0
943,80.42,68,112,1
944,64.98,24,101,0
945,98.96,86,40,0
946,45.03,50,36,0
947,38.51,74,118,1
948,47.93,39,83,0
949,78.57,21,53,0
950,23.38,48,93,0
951,11.24,51,97,0
952,97.76,31,72,0
953,62.95,76,43,0
954,16.82,45,89,0
955,56.86,5,24,0
956,72.1,25,70,0
957,59.9,40,23,0
958,23.67,2,87,0
959,90.46,50,23,0
960,60.01,15,85,0
961,86.69,30,30,0
962,71.35,12,20,0
963,29.28,87,74,0
964,99.98,18,40,0
965,54.92,86,115,1
966,24.9,5,72,0
967,60.78,80,34,0
968,98.99,75,67,0
969,41.72,22,87,0
970,98.21,9,99,0
971,64.79,46,84,0
972,84.53,33,22,0
973,1.62,4,69,0
974,44.26,23,95,0
975,69.4,72,36,0
976,18.66,2,59,0
977,96.28,60,100,1
978,54.2,6,27,0
979,42.72,37,51,0
980,75.95,88,111,1
981,15.7,94,31,0
982,75.81,26,49,0
983,61.17,44,64,0
984,71.88,70,64,0
985,54.41,45,20,0
986,49.67,27,28,0
987,26.57,72,22,0
988,15.4,94,90,0
989,48.24,7,108,0
990,85.73,82,44,0
991,82.4,32,120,0
992,21.22,77,90,0
993,79.67,11,75,0
994,13.14,35,82,0
995,93.56,17,59,0
996,6.46,82,77,0
997,54.54,66,107,1
998,46.95,28,80,0
999,93.1,41,22,0
1000,19.76,79,43,0
